Adj Close,Close,High,Low,Open,Volume,target
2772.350098,2772.350098,2772.389893,2748.459961,2753.25,3651640000,1.0
